-- MySQL dump 10.13  Distrib 5.7.20, for Linux (x86_64)
--
-- Host: localhost    Database: laravel
-- ------------------------------------------------------
-- Server version	5.7.20-0ubuntu0.16.04.1

/*!40101 SET @OLD_CHARACTER_SET_CLIENT=@@CHARACTER_SET_CLIENT */;
/*!40101 SET @OLD_CHARACTER_SET_RESULTS=@@CHARACTER_SET_RESULTS */;
/*!40101 SET @OLD_COLLATION_CONNECTION=@@COLLATION_CONNECTION */;
/*!40101 SET NAMES utf8 */;
/*!40103 SET @OLD_TIME_ZONE=@@TIME_ZONE */;
/*!40103 SET TIME_ZONE='+00:00' */;
/*!40014 SET @OLD_UNIQUE_CHECKS=@@UNIQUE_CHECKS, UNIQUE_CHECKS=0 */;
/*!40014 SET @OLD_FOREIGN_KEY_CHECKS=@@FOREIGN_KEY_CHECKS, FOREIGN_KEY_CHECKS=0 */;
/*!40101 SET @OLD_SQL_MODE=@@SQL_MODE, SQL_MODE='NO_AUTO_VALUE_ON_ZERO' */;
/*!40111 SET @OLD_SQL_NOTES=@@SQL_NOTES, SQL_NOTES=0 */;

--
-- Table structure for table `cat_color`
--

DROP TABLE IF EXISTS `cat_color`;
/*!40101 SET @saved_cs_client     = @@character_set_client */;
/*!40101 SET character_set_client = utf8 */;
CREATE TABLE `cat_color` (
  `id` int(11) NOT NULL AUTO_INCREMENT,
  `cat_id` int(11) NOT NULL,
  `color_id` int(11) NOT NULL,
  PRIMARY KEY (`id`),
  UNIQUE KEY `id_UNIQUE` (`id`)
) ENGINE=InnoDB AUTO_INCREMENT=17 DEFAULT CHARSET=utf8;
/*!40101 SET character_set_client = @saved_cs_client */;

--
-- Dumping data for table `cat_color`
--

LOCK TABLES `cat_color` WRITE;
/*!40000 ALTER TABLE `cat_color` DISABLE KEYS */;
INSERT INTO `cat_color` VALUES (11,9,4),(13,13,2),(14,14,5),(15,15,1),(16,16,3);
/*!40000 ALTER TABLE `cat_color` ENABLE KEYS */;
UNLOCK TABLES;

--
-- Table structure for table `cats`
--

DROP TABLE IF EXISTS `cats`;
/*!40101 SET @saved_cs_client     = @@character_set_client */;
/*!40101 SET character_set_client = utf8 */;
CREATE TABLE `cats` (
  `id` int(11) NOT NULL AUTO_INCREMENT,
  `name` varchar(45) NOT NULL,
  `size` varchar(45) NOT NULL,
  `weight` varchar(45) NOT NULL,
  `age` int(11) NOT NULL,
  `gender_id` int(11) DEFAULT NULL,
  PRIMARY KEY (`id`)
) ENGINE=InnoDB AUTO_INCREMENT=17 DEFAULT CHARSET=utf8;
/*!40101 SET character_set_client = @saved_cs_client */;

--
-- Dumping data for table `cats`
--

LOCK TABLES `cats` WRITE;
/*!40000 ALTER TABLE `cats` DISABLE KEYS */;
INSERT INTO `cats` VALUES (9,'Titoune','59','12',56,2),(13,'Pitoune','12','1',1,2),(14,'Natachat','67','7',56,1),(15,'Ristourne','56','5',34,1),(16,'Babette','56','7',45,2);
/*!40000 ALTER TABLE `cats` ENABLE KEYS */;
UNLOCK TABLES;

--
-- Table structure for table `colors`
--

DROP TABLE IF EXISTS `colors`;
/*!40101 SET @saved_cs_client     = @@character_set_client */;
/*!40101 SET character_set_client = utf8 */;
CREATE TABLE `colors` (
  `id` int(11) NOT NULL AUTO_INCREMENT,
  `color` varchar(45) NOT NULL,
  PRIMARY KEY (`id`),
  UNIQUE KEY `id_UNIQUE` (`id`),
  UNIQUE KEY `color_UNIQUE` (`color`)
) ENGINE=InnoDB AUTO_INCREMENT=6 DEFAULT CHARSET=utf8;
/*!40101 SET character_set_client = @saved_cs_client */;

--
-- Dumping data for table `colors`
--

LOCK TABLES `colors` WRITE;
/*!40000 ALTER TABLE `colors` DISABLE KEYS */;
INSERT INTO `colors` VALUES (2,'Black'),(5,'Brown'),(3,'Grey'),(4,'Tabby'),(1,'White');
/*!40000 ALTER TABLE `colors` ENABLE KEYS */;
UNLOCK TABLES;

--
-- Table structure for table `genders`
--

DROP TABLE IF EXISTS `genders`;
/*!40101 SET @saved_cs_client     = @@character_set_client */;
/*!40101 SET character_set_client = utf8 */;
CREATE TABLE `genders` (
  `id` int(11) NOT NULL AUTO_INCREMENT,
  `gender` varchar(45) NOT NULL,
  PRIMARY KEY (`id`),
  UNIQUE KEY `gender_UNIQUE` (`gender`),
  UNIQUE KEY `id_UNIQUE` (`id`)
) ENGINE=InnoDB AUTO_INCREMENT=3 DEFAULT CHARSET=utf8;
/*!40101 SET character_set_client = @saved_cs_client */;

--
-- Dumping data for table `genders`
--

LOCK TABLES `genders` WRITE;
/*!40000 ALTER TABLE `genders` DISABLE KEYS */;
INSERT INTO `genders` VALUES (1,'F'),(2,'M');
/*!40000 ALTER TABLE `genders` ENABLE KEYS */;
UNLOCK TABLES;
/*!40103 SET TIME_ZONE=@OLD_TIME_ZONE */;

/*!40101 SET SQL_MODE=@OLD_SQL_MODE */;
/*!40014 SET FOREIGN_KEY_CHECKS=@OLD_FOREIGN_KEY_CHECKS */;
/*!40014 SET UNIQUE_CHECKS=@OLD_UNIQUE_CHECKS */;
/*!40101 SET CHARACTER_SET_CLIENT=@OLD_CHARACTER_SET_CLIENT */;
/*!40101 SET CHARACTER_SET_RESULTS=@OLD_CHARACTER_SET_RESULTS */;
/*!40101 SET COLLATION_CONNECTION=@OLD_COLLATION_CONNECTION */;
/*!40111 SET SQL_NOTES=@OLD_SQL_NOTES */;

-- Dump completed on 2017-12-13 10:29:01
